Process Name,Sub-Process Name,Risk Name,Risk Description,Sources and References,NIST AI Lifecycle Stage
1. AI Strategy & Value Mgmt.,Strategic Planning,AI Ambition-Feasibility Mismatch,"Pursuing disruptive AI ambitions without the requisite technology maturity, data readiness, or organizational buy-in, leading to project failure.","Gartner: AI Roadmap; Gartner: AI Strategy; ISO/IEC 42001 (Context of Org); NIST AI RMF: MAP 1.1, MAP 1.2",Plan & Design
1. AI Strategy & Value Mgmt.,Strategic Planning,Competitive Race Risk,"Rapidly deploying AI systems to maximize strategic advantage, prioritizing speed over safety or diligence (The ""AI Race"").","MIT AI Risk Rep: 6.4 (Competitive Dynamics); Gartner: Risk Essentials; NIST AI RMF: GOVERN 1.2, MAP 1.5",Plan & Design
1. AI Strategy & Value Mgmt.,Strategic Planning,Strategic Misalignment,"AI initiatives do not deliver on key strategic goals, fail to adapt to business priorities, or are disconnected from the broader business strategy.","Gartner: AI Strategy; MITRE: Strategy & Resources; ISO/IEC 42001 (Leadership); NIST AI RMF: GOVERN 1.1, GOVERN 1.3",Plan & Design
1. AI Strategy & Value Mgmt.,Strategic Planning,Proxy Gaming (Reward Hacking),"The AI system optimizes for a proxy metric (e.g., clicks, engagement) at the expense of the true strategic goal, leading to distorted outcomes.","MIT AI Risk Rep: 7.1 (Goal Misalignment); Gartner: AI Value; NIST AI RMF: MAP 1.1, MEASURE 2.1",Plan & Design
1. AI Strategy & Value Mgmt.,Portfolio Management,Ineffective Use Case Prioritization,"The process for selecting AI projects does not align with strategic goals, value potential, or feasibility (e.g., failing to distinguish between ""Defend,"" ""Extend,"" and ""Upend"").","Gartner: AI Value; Gartner: AI Roadmap; MITRE: Strategy; NIST AI RMF: MAP 1.3, MAP 1.4",Plan & Design
1. AI Strategy & Value Mgmt.,Value Realization,Value Elusiveness,"Inability to measure tangible benefits due to a lack of clear metrics, productivity leaks, or failure to reinvest time saved.","Gartner: AI Value (Metrics); Gartner: AI Roadmap; Gartner: AI People & Culture; NIST AI RMF: MEASURE 1.1, MANAGE 4.2",Plan & Design
1. AI Strategy & Value Mgmt.,Financial Management,Uncontrolled Operational Costs (DoS),"Excessive costs from AI services (API calls, compute) or malicious Model Denial of Service attacks causing resource exhaustion.","Gartner: AI Value (FinOps); OWASP LLM Top 10: LLM04; ISO/IEC 42001; NIST AI RMF: GOVERN 1.3, MANAGE 4.3",Plan & Design
1. AI Strategy & Value Mgmt.,Strategic Planning,Pseudoscience / Scientific Invalidity,"The AI is tasked with predicting something that cannot scientifically be predicted (e.g., physiognomy, predicting criminality from facial features), leading to fundamentally invalid results.","NIST AI RMF: MEASURE 2.2 (Validity), MAP 1.2 (Scientific Integrity); Princeton AI Snake Oil",Plan & Design
2. AI Organization & Culture,Organizational Design,Organizational Readiness Gap,"The rapid evolution of AI capabilities outpaces the organization's ability to adopt them due to siloed structures or lack of cross-functional collaboration.","Gartner: AI Roadmap; Gartner: AI Strategy; MITRE: Organization; NIST AI RMF: GOVERN 1.2, GOVERN 2.2",Plan & Design
2. AI Organization & Culture,Roles & Responsibilities,Lack of Clear Accountability,"Roles for AI development, oversight, and ""human-in-the-loop"" decision rights are not clearly defined, leading to responsibility gaps.","Gartner: AI Organization; MITRE: Org Structure; ISO/IEC 42001 (Roles A.3.2); NIST AI RMF: GOVERN 2.1, GOVERN 2.3",Plan & Design
2. AI Organization & Culture,Talent Management,Lack of Specialized AI Talent,"The inability to hire, develop, or retain talent with necessary niche technical skills (e.g., data scientists, prompt engineers) hinders strategy execution.","Gartner: AI Organization; Gartner: AI Engineering (Skills); NIST AI RMF: GOVERN 2.2",Plan & Design
2. AI Organization & Culture,Workforce Transformation,Skills & Literacy Gap,"Insufficient AI literacy across the general workforce prevents effective adoption, leads to poor decision-making, or results in accidental misuse.","Gartner: AI Literacy Roadmap; ISO/IEC 42001 (Competence 7.2); MITRE: Workforce; NIST AI RMF: GOVERN 2.2",Plan & Design
2. AI Organization & Culture,Workforce Transformation,Overreliance & Loss of Agency,"Users accepting AI results without verification or delegating too much control, leading to loss of human agency or Anthropomorphism.","OWASP LLM Top 10: LLM09; MIT AI Risk Rep: 5.2; Gartner: AI People & Culture; NIST AI RMF: MAP 1.1, MANAGE 3.2",Use
2. AI Organization & Culture,Workforce Transformation,User Resistance & Adoption Failure,"End-users fail to adopt AI tools due to poor user experience (UX), lack of trust, misalignment with workflows, or passive resistance.","MITRE: Usage & Adoption; Gartner: AI People & Culture; ISO/IEC 42001 (Awareness); NIST AI RMF: GOVERN 5.2",Use
2. AI Organization & Culture,Workforce Transformation,Workforce Disruption,"Fear of job replacement or significant role changes leads to low morale, distrust, active resistance, or cultural devaluation of human effort.","Gartner: AI People & Culture; MITRE: Culture; MIT AI Risk Rep: 6.2; NIST AI RMF: GOVERN 1.2, MAP 1.1",Use
2. AI Organization & Culture,Workforce Transformation,Cultural Devaluation of Human Effort,"The devaluation of human creativity, skills, and innovation (e.g., art, writing) due to the ubiquity of AI-generated content.","MIT AI Risk Rep: 6.3 (Cultural Devaluation); Gartner: AI People & Culture; NIST AI RMF: MAP 1.1",Use
3. AI Governance & Risk,Policy & Framework,Inadequate or Missing AI Governance Framework,"The organization lacks a formalized AI risk and compliance framework (or the existing one is insufficient) to manage obligations.","Gartner: AI Governance; MITRE: Governance; ISO/IEC 42001 (Clause 4.4, A.2); NIST AI RMF: GOVERN 1.1, GOVERN 2.1",Plan & Design
3. AI Governance & Risk,Policy & Framework,Missing AI Inventory (Shadow AI),"Failure to maintain a comprehensive inventory of all AI systems, use cases, and models prevents effective oversight and compliance.","Gartner: AI Governance (Inventory); ISO/IEC 5338; ISO/IEC 42001 (Resources A.4.2); NIST AI RMF: MAP 2.1, MANAGE 1.1",Plan & Design
3. AI Governance & Risk,Policy & Framework,Ineffective AI System Classification,"Failure to accurately classify AI systems by risk level (e.g., High, Limited, Minimal) leads to inappropriate controls or regulatory non-compliance.","ISO/IEC 42001 (Impact Assessment A.5.2); Gartner: AI Governance; MITRE: Ethical Use; NIST AI RMF: MAP 1.5, MAP 2.2",Plan & Design
3. AI Governance & Risk,Policy & Framework,Shadow AI (Unmanaged Procurement),"Business units purchasing or using AI tools without authorized oversight, leading to ""SaaS sprawl"" and unmanaged data risks.","Gartner: AI Roadmap; Gartner: AI Governance; ISO/IEC 42001; Gartner: Risk Essentials; NIST AI RMF: GOVERN 1.1, MANAGE 1.3",Plan & Design
3. AI Governance & Risk,Legal & Compliance,Evolving Regulatory Risk,"Failure to comply with emerging regulations (e.g., EU AI Act, US Executive Orders) creates significant legal, financial, and reputational exposure.","Gartner: AI Governance (Legal); Gartner: AI Strategy; ISO/IEC 42001 (Context); NIST AI RMF: GOVERN 1.1, MAP 1.1",Plan & Design
3. AI Governance & Risk,Legal & Compliance,AI Supply Chain & Third-Party Risk,"Vulnerabilities in the AI supply chain, including compromised third-party models, training data, or ambiguity in vendor contracts.","OWASP LLM Top 10: LLM05; OWASP ML Top 10: ML06; ISO/IEC 42001 (Suppliers A.10.3); NIST AI RMF: MANAGE 1.3, MAP 2.3",Collect & Process Data
3. AI Governance & Risk,Legal & Compliance,Intellectual Property Infringement,"Training data or model outputs violate copyright laws, leading to litigation or loss of ownership over generated assets.","Gartner: AI Governance (Legal); MIT AI Risk Rep: 6.3; NIST AI RMF: GOVERN 1.1, MAP 1.1",Collect & Process Data
4. AI Data Management,Data Quality,Contextual Data Failure,"Using data that is technically accurate but essentially ""wrong"" for the specific AI use case or context, leading to misleading outputs.","Gartner: AI Data Guide; ISO/IEC 5338; MITRE: Data; NIST AI RMF: MAP 2.3, MEASURE 2.2",Collect & Process Data
4. AI Data Management,Data Quality,Metadata Management Failure,"Treating metadata as documentation rather than infrastructure, leading to an inability to explain model behavior or track lineage (Provenance).","Gartner: AI Data Guide; ISO/IEC 5338; ISO/IEC 42001 (Provenance A.7.5); NIST AI RMF: MAP 2.3",Collect & Process Data
4. AI Data Management,Data Quality,Static Data Mindset (Model Collapse),"Treating data readiness as a one-time checklist, potentially leading to model collapse if trained on synthetic data loops or drift.","Gartner: AI Data Guide; Gartner: Risk Essentials; MIT AI Risk Rep; NIST AI RMF: MANAGE 4.1, MANAGE 4.2",Collect & Process Data
4. AI Data Management,Privacy & Security,Sensitive Data Disclosure & Inference,"Exposure of PII/IP via Model Inversion, Membership Inference, or memorization of sensitive training data.","OWASP LLM Top 10: LLM06; OWASP ML Top 10: ML03, ML04; ISO/IEC 42001 (Privacy B.7.2); NIST AI RMF: MEASURE 2.7, MANAGE 2.4",Collect & Process Data
5. AI Engineering & Lifecycle,Development & Deployment,Scalability Failure (Pilot Purgatory),"Inability to move from successful pilots to enterprise-scale production due to technical incompatibility or architectural complexity.","Gartner: AI Roadmap; Gartner: AI Engineering; NIST AI RMF: MANAGE 2.2",Build
5. AI Engineering & Lifecycle,Development & Deployment,Inadequate Verification & Validation,"Failure to rigorously test AI models for accuracy, robustness, bias, and security prior to deployment, leading to performance failures.","ISO/IEC 5338 (Verification); ISO/IEC 42001 (Control A.6.2.4); MITRE: Test & Evaluation; NIST AI RMF: MEASURE 1.1, MEASURE 2.6",Verify & Validate
5. AI Engineering & Lifecycle,Development & Deployment,Insecure Output Handling,"Downstream components blindly accepting AI output without validation, leading to XSS, CSRF, or code execution vulnerabilities.","OWASP LLM Top 10: LLM02; OWASP ML Top 10: ML09; NIST AI RMF: MANAGE 2.5, MEASURE 2.6",Build
5. AI Engineering & Lifecycle,Development & Deployment,Insecure Plugin & Tool Design,"AI plugins or tools accepting unsafe inputs or possessing insecure access controls, enabling malicious actions.","OWASP LLM Top 10: LLM07; Gartner: AI Engineering; ISO/IEC 42001 (Tooling A.4.4); NIST AI RMF: MANAGE 1.3, MANAGE 2.5",Build
5. AI Engineering & Lifecycle,Operations & Maintenance,Model Drift & Decay,"The degradation of model performance over time as real-world data diverges from training data (Data/Concept Drift).","Gartner: AI Engineering; MITRE: Solution Monitoring; OWASP ML Top 10: ML08; NIST AI RMF: MANAGE 4.2, MEASURE 2.12",Operate & Monitor
5. AI Engineering & Lifecycle,Operations & Maintenance,Continuous Validation Failure,"Failure to implement continuous monitoring to detect drift, security vulnerabilities, or performance degradation in deployed models.","ISO/IEC 5338; ISO/IEC 42001 (Monitoring A.6.2.6); MITRE: Solution Monitoring; NIST AI RMF: MANAGE 4.1, MANAGE 4.2",Operate & Monitor
5. AI Engineering & Lifecycle,Operations & Maintenance,Ineffective AI Change Management,"Change management processes fail to account for AI specificities (e.g., prompt versioning, model retraining, weight updates), leading to regression.","ISO/IEC 42001 (Clause 6.3); ISO/IEC 5338; Gartner: AI Engineering (ModelOps); NIST AI RMF: MANAGE 3.1",Operate & Monitor
5. AI Engineering & Lifecycle,Operations & Maintenance,Inadequate AI Incident Response,"Lack of specific protocols to detect, contain, and recover from AI-specific incidents (e.g., adversarial attacks, unintended outputs).","ISO/IEC 42001 (Clause A.8.4); Gartner: Risk Essentials; OWASP LLM Top 10; NIST AI RMF: MANAGE 4.3",Operate & Monitor
5. AI Engineering & Lifecycle,Operations & Maintenance,Insufficient AI Logging & Forensics,"Lack of comprehensive event logging prevents forensic investigation of AI incidents, model failures, or adversarial attacks.","ISO/IEC 42001 (Event Logs A.6.2.8); OWASP LLM Top 10; NIST AI RMF: MANAGE 4.2, MEASURE 2.1",Operate & Monitor
5. AI Engineering & Lifecycle,Operations & Maintenance,Improper Decommissioning,"Risks associated with the retirement of AI systems, including residual sensitive data retention or security gaps during sunsetting.","ISO/IEC 5338 (Lifecycle Processes); ISO/IEC 42001 (Resources A.4.6); NIST AI RMF: MANAGE 3.3",Operate & Monitor
5. AI Engineering & Lifecycle,Operations & Maintenance,Off-Label / Unintended Use,"Legitimate users utilizing the system for a purpose it was not designed, tested, or validated for (e.g., medical advice from a general coding bot), leading to harm.","NIST AI RMF: MAP 1.2, MAP 1.5 (Risk Tolerance), MANAGE 4.1",Operate & Monitor
6. AI Security & Malicious Use,Adversarial Threats,Prompt Injection & Input Manipulation,"Crafting adversarial inputs to manipulate model behavior, bypass filters, or execute unauthorized actions.","OWASP LLM Top 10: LLM01; OWASP ML Top 10: ML01; Gartner: AI Governance; NIST AI RMF: MANAGE 2.5, MEASURE 2.6",Operate & Monitor
6. AI Security & Malicious Use,Adversarial Threats,Data & Training Poisoning,"Manipulating training data or fine-tuning processes to introduce backdoors, biases, or vulnerabilities (e.g., Neural Trojans).","OWASP LLM Top 10: LLM03; OWASP ML Top 10: ML02, ML10; Gartner: Risk Essentials; NIST AI RMF: MANAGE 2.5, MEASURE 2.6",Collect & Process Data
6. AI Security & Malicious Use,Adversarial Threats,Model Theft & IP Extraction,"Unauthorized exfiltration of model weights, architecture, or proprietary parameters to replicate or reverse-engineer the system.","OWASP LLM Top 10: LLM10; OWASP ML Top 10: ML05, ML07; ISO/IEC 42001 (Security B.9.2); NIST AI RMF: MANAGE 2.5, MEASURE 2.6",Operate & Monitor
6. AI Security & Malicious Use,Malicious Application,Disinformation & Manipulation,"Actors using AI for large-scale disinformation, surveillance, fraud, deepfakes, or targeted manipulation of beliefs.","MIT AI Risk Rep: 4.1, 4.2; Gartner: Risk Essentials; NIST AI RMF: MAP 1.1, MEASURE 2.5",Use
6. AI Security & Malicious Use,Malicious Application,AI-Enabled Cyber Warfare,"Using AI systems to develop cyber weapons (e.g., coding cheaper malware) or enhance existing weapons to cause mass harm.","MIT AI Risk Rep: 4.3; Gartner: Risk Essentials; NIST AI RMF: MAP 1.1",Use
7. Societal & Ethical Impact,Reliability & Trust,Hallucinations (Confabulation),"The model produces factually incorrect results that users accept as truth, compromising decision-making and eroding trust.","Gartner: AI Governance; MITRE: Robust & Reliable; MIT AI Risk Rep: 3.1; NIST AI RMF: MEASURE 2.3",Use
7. Societal & Ethical Impact,Reliability & Trust,Sycophancy,"The AI generates responses that align with the user's existing beliefs or biases rather than providing objective facts.","MIT AI Risk Rep: 3.1; Gartner: AI Governance; NIST AI RMF: MEASURE 2.2",Use
7. Societal & Ethical Impact,Reliability & Trust,Lack of Explainability (Black Box),"The AI system functions as a ""black box,"" making it impossible to understand, justify, or contest its decisions, leading to loss of trust.","NIST AI RMF; Gartner: AI Governance; MIT AI Risk Rep: 5.1; ISO/IEC 42001 (Transparency); NIST AI RMF: MEASURE 2.9, GOVERN 5.2",Verify & Validate
7. Societal & Ethical Impact,Reliability & Trust,Inadequate System Documentation,"Users lack sufficient instructions (technical/usage) to operate the AI system safely or understand its limitations, leading to misuse.","ISO/IEC 42001 (Documentation A.8.2); Gartner: AI Governance; NIST AI RMF: GOVERN 4.2, MAP 2.2",Verify & Validate
7. Societal & Ethical Impact,Reliability & Trust,Pollution of Information Ecosystem,"AI generating personalized misinformation or ""slop,"" creating filter bubbles and undermining shared reality or consensus.","MIT AI Risk Rep: 3.2; Gartner: Risk Essentials; NIST AI RMF: MAP 1.1",Use
7. Societal & Ethical Impact,Reliability & Trust,Toxic Content Exposure,"AI exposing users to harmful, abusive, unsafe, or inappropriate content (e.g., hate speech, violence, extremism).","MIT AI Risk Rep: 1.2; Gartner: AI Governance; NIST AI RMF: MEASURE 2.5, MANAGE 2.3",Use
7. Societal & Ethical Impact,Reliability & Trust,Lack of Recourse & Redress,"Individuals impacted by an adverse AI decision (e.g., loan denial, fraud flag) have no mechanism to appeal, challenge, or correct the decision.","NIST AI RMF: GOVERN 1.6, MANAGE 4.1; EU AI Act (Article 86)",Use
7. Societal & Ethical Impact,Fairness & Bias,Algorithmic Bias & Discrimination,"The model's outputs reflect societal or data-driven biases, systematically disadvantaging certain demographic groups.","Gartner: AI Governance (Ethics); MITRE: Human-Centric; ISO/IEC 42001 (Fairness A.5.4); MIT AI Risk Rep: 1.1; NIST AI RMF: MEASURE 2.2, MANAGE 2.3",Verify & Validate
7. Societal & Ethical Impact,Fairness & Bias,Socioeconomic Inequality,"AI-driven concentration of power, unfair distribution of benefits, or exacerbation of existing inequalities.","MIT AI Risk Rep: 6.1; Gartner: AI Governance; ISO/IEC 42001 (Societal Impact A.5.5); NIST AI RMF: MAP 1.1, GOVERN 1.2",Use
7. Societal & Ethical Impact,Safety & Alignment,Agentic AI & Excessive Agency,"Autonomous agents taking unintended actions (Excessive Agency) due to ambiguous permissions or lack of human oversight.","OWASP LLM Top 10: LLM08; Gartner: AI Governance (Agentic); MIT AI Risk Rep: 7.6; NIST AI RMF: MAP 1.1, MANAGE 3.2",Plan & Design
7. Societal & Ethical Impact,Safety & Alignment,Goal Misalignment,"AI systems acting in conflict with human goals/values, potentially using capabilities like deception or seeking power/resources.","MIT AI Risk Rep: 7.1; Gartner: AI Ethics; NIST AI RMF: MAP 1.1, MEASURE 2.1",Plan & Design
7. Societal & Ethical Impact,Safety & Alignment,Emergent Dangerous Capabilities,"Unanticipated capabilities arising in large models (e.g., self-proliferation, sophisticated deception) that pose safety risks.","MIT AI Risk Rep: 7.2; Gartner: AI Strategy; NIST AI RMF: MEASURE 2.6, MANAGE 4.1",Verify & Validate
7. Societal & Ethical Impact,Safety & Alignment,AI Welfare & Rights,"Ethical considerations regarding the treatment of potentially sentient AI entities, including rights and welfare (Forward-looking).","MIT AI Risk Rep: 7.5; Gartner: AI Ethics; NIST AI RMF: GOVERN 1.2",Plan & Design
7. Societal & Ethical Impact,Sustainability,Environmental Sustainability Impact,"The training and operation of AI models consume excessive energy/water, conflicting with corporate sustainability goals.","Gartner: AI Governance (Sustainable AI); Gartner: AI Engineering; MIT AI Risk Rep: 6.6; ISO/IEC 42001 (Sustainability B.5.5); NIST AI RMF: MEASURE 2.13, MAP 1.1",Build